-96.69201,226.8685,-3.9280002
-105.67201,249.871,-4.3105
-114.70801,272.892,-4.6465006
-123.47601,296.0615,-5.0330005
-132.17702,319.2905,-5.4685006
-140.76352,342.596,-5.8780007
-149.18002,366.0075,-6.1680007
-157.56401,389.4415,-6.6680007
-165.91953,412.885,-6.952501
-174.26552,436.323,-7.3380013
-182.41652,459.8055,-7.563001
-179.38452,458.08252,-7.3630004
-177.92252,459.70752,-7.371001
-176.42502,461.12802,-7.28
-175.08101,462.49503,-7.3245
-173.5995,463.91254,-7.496
-172.23502,465.02695,-10.514501
-170.68251,466.07098,-14.2515
-169.40251,467.14502,-12.8585005
-167.858,468.2575,-11.3645
-166.65048,469.136,-14.161501
-165.074,470.40298,-13.006001
-163.251,471.7395,-12.092001
-161.93849,472.8625,-10.999
-160.344,474.04254,-9.709
-158.611,475.04053,-13.247499
-157.22699,476.06055,-15.383499
-156.09401,476.83804,-18.980497
-154.79651,477.54453,-23.454498
-153.84052,478.30557,-26.844997
-153.06752,478.85855,-31.472998
-152.278,479.4235,-35.725502
-151.48851,479.89996,-40.306
-150.5285,480.06146,-46.304497
-149.72153,480.289,-51.554497
-149.02652,480.47403,-56.135998
-148.3135,480.8355,-57.604992
-147.69951,481.135,-58.945
-146.94751,481.372,-64.54301
-146.3985,481.388,-70.8605
-145.6855,481.51596,-72.7815
-145.41249,481.163,-78.60451
-145.129,480.75195,-84.3175
-144.6035,480.53394,-89.3635
-144.386,480.1385,-94.9605
-144.309,479.80096,-96.0795
-144.1105,479.33197,-98.571
-143.55002,479.0865,-99.6245
-143.01999,478.878,-100.362
-142.287,478.5605,-102.237
-141.4475,478.33392,-103.54
-140.4005,478.1815,-105.076004
-139.244,478.0895,-106.53949
-138.1435,478.39047,-106.235
-136.80501,478.3755,-107.7655
-135.426,478.129,-110.268005
-133.963,477.92694,-112.86951
-132.48752,478.03848,-114.403015
-131.3475,477.72705,-117.48102
-130.24301,477.60455,-119.627014
-128.9165,477.3265,-122.6255
-127.56999,476.8895,-126.120995
-126.4495,476.58145,-129.032
-125.44049,476.296,-132.21199
-124.57198,476.01245,-135.13898
-123.85298,475.60898,-138.25398
-123.225,475.18048,-141.47949
-122.840515,474.60098,-144.85649
-122.63902,474.1285,-147.612
-122.38951,473.68896,-150.25401
-122.29551,473.277,-152.5075
-122.48448,472.68903,-155.005
-122.974,472.08197,-157.106
-123.688,471.31998,-159.5375
-124.465004,470.71298,-161.11699
-125.381004,470.1835,-162.2435
-126.4315,469.482,-163.70248
-127.6425,468.44043,-166.04749
-128.7175,467.77448,-167.16098
-129.91,466.90048,-168.80501
-131.426,466.12396,-169.7855
-133.2045,465.43903,-170.27953
-135.04799,464.50748,-171.41751
-136.77051,463.36395,-173.2585
-138.58951,462.21347,-174.89699
-140.483,461.06348,-176.3235
-142.30501,459.9205,-177.74698
-144.1875,458.7465,-179.0605
-146.12251,457.50098,-180.52249
-148.0285,456.26196,-181.9235
-149.9725,455.04095,-183.19002
-151.905,453.8,-184.44551
-153.65201,452.48602,-185.9635
-155.5325,451.10956,-187.45552
-157.4795,449.67953,-188.92401
-159.4395,448.326,-190.18051
-161.433,446.94247,-191.3745
-163.47751,445.61548,-192.3415
-165.4135,444.123,-193.83351
-167.343,442.66602,-195.117
-169.41699,441.07294,-196.56401
-171.319,439.50946,-198.03401
-173.186,438.073,-199.209
-175.1855,436.58047,-200.3325
-177.0865,435.00546,-201.68149
-178.957,433.46753,-202.87799
-180.8975,431.88647,-204.06448
-182.65651,430.41953,-205.10698
-184.462,428.89053,-206.22348
-186.33801,427.2895,-207.39099
-188.29152,425.594,-208.622
-190.30103,423.9655,-209.56448
-192.19101,422.344,-210.59448
-194.056,420.69296,-211.64798
-195.97,419.09296,-212.51799
-197.81052,417.4685,-213.52649
-199.668,415.89496,-214.40398
-201.504,414.16748,-215.601
-203.4595,412.44443,-216.63852
-205.35901,410.71844,-217.71701
-207.179,409.12744,-218.60251
-209.103,407.47394,-219.52803
-211.00851,405.70648,-220.75049
-212.89351,404.003,-221.85152
-214.72002,402.3595,-222.9405
-216.5665,400.9105,-223.70601
-218.3715,399.43204,-224.61548
-220.22403,398.03653,-225.38448
-222.12952,396.542,-226.30595
-223.89102,395.02048,-227.465
-225.73502,393.62503,-228.35698
-227.52103,392.191,-229.4825
-229.38052,390.91156,-230.30249
-231.24251,389.65,-231.14499
-233.00603,388.4855,-231.97649
-234.828,387.2575,-232.90898
-236.573,386.077,-233.8785
-238.29648,385.02652,-234.6895
-239.98799,384.03702,-235.55952
-241.5325,383.0875,-236.571
-243.14299,382.03998,-237.72148
-244.63498,381.069,-238.924
-246.1805,380.123,-240.03401
-247.6335,379.34805,-241.02847
-249.238,378.5685,-241.90747
-250.8715,377.73553,-242.91348
-252.41048,377.10202,-243.72299
-253.835,376.31052,-244.931
-255.2555,375.69296,-245.85698
-256.84146,375.23,-246.37448
-258.22845,374.6885,-247.25699
-259.46698,374.17703,-248.20798
-260.80997,373.6745,-249.06348
-261.9885,373.286,-249.90152
-263.18552,372.89053,-250.71701
-264.276,372.54156,-251.54199
-265.33002,372.14703,-252.44649
-266.37152,371.8485,-253.16545
-267.376,371.46255,-253.98148
-268.38998,371.04553,-254.75249
-269.263,370.7915,-255.371
-270.15,370.58502,-255.82199
-271.012,370.35452,-256.2645
-271.836,369.997,-256.878
-272.427,369.76398,-257.454
-272.924,369.381,-258.252
-273.34653,368.959,-259.11148
-273.91953,368.5785,-259.675
-274.28152,368.20648,-260.42798
-274.44305,367.84,-261.3235
-274.68604,367.52298,-261.9905
-274.786,367.06354,-262.9685
-274.939,366.4685,-264.0235
-275.19,365.85202,-264.9575
-275.3155,365.1625,-266.0855
-275.6385,364.52597,-266.896
-276.1295,363.825,-267.56247
-276.3105,363.01498,-268.70148
-276.646,362.30548,-269.48102
-276.945,361.81152,-269.998
-277.63397,361.0855,-270.381
-277.7655,360.07748,-271.7425
-277.97296,358.99896,-273.07
-278.41998,358.08798,-273.916
-278.902,356.98944,-274.97797
-279.17902,355.98648,-276.09546
-279.5535,354.891,-277.23648
-279.96246,353.826,-278.273
-280.422,352.59348,-279.45697
-280.948,351.2575,-280.71152
-281.4445,349.86798,-282.04605
-282.1225,348.60098,-282.99603
-282.58102,347.326,-284.16602
-283.028,346.018,-285.37848
-283.56754,344.69598,-286.503
-283.90002,343.25348,-288.00348
-284.246,341.734,-289.5885
-284.85498,340.20248,-290.8895
-285.35852,338.56204,-292.462
-285.83246,336.68903,-294.346
-286.02197,335.021,-296.30096
-286.748,333.5145,-297.47247
-287.41248,332.0965,-298.645
-287.94946,330.478,-300.22952
-288.55997,328.9345,-301.64655
-289.34946,327.37396,-302.92352
-290.19345,325.8045,-304.20102
-290.96048,324.245,-305.57153
-291.703,322.7095,-306.97653
-292.55148,321.1875,-308.285
-293.37103,319.625,-309.7155
-294.20856,318.099,-311.09152
-295.15952,316.57697,-312.38052
-296.05057,315.055,-313.78653
-296.91702,313.538,-315.2155
-297.93304,312.013,-316.545
-298.84503,310.646,-317.7885
-299.7685,309.326,-319.01303
-300.70554,308.01154,-320.23352
-301.75403,306.81903,-321.248
-302.77353,305.52652,-322.4315
-303.77353,304.24603,-323.62103
-304.8,302.92804,-324.85452
-305.78802,301.63654,-326.13004
-306.811,300.35403,-327.372
-307.797,299.121,-328.608
-308.755,297.829,-329.9355
-309.736,296.5485,-331.23953
-310.79797,295.3275,-332.3845
-311.826,294.0685,-333.62
-312.83798,292.84198,-334.8145
-313.86398,291.60202,-336.02954
-314.892,290.38553,-337.209
-315.942,289.1375,-338.38354
-317.006,287.9115,-339.53204
-318.041,286.72348,-340.65054
-319.00598,285.53647,-341.84552
-320.038,284.356,-342.9725
-320.98148,283.21097,-344.14752
-321.86346,281.95547,-345.4545
-322.78345,280.76697,-346.65552
-323.77045,279.60648,-347.7565
-324.68402,278.48248,-348.86652
-325.5675,277.24896,-350.07053
-326.35397,276.0425,-351.31302
-327.203,274.7885,-352.51752
-327.98703,273.50504,-353.761
-328.73404,272.27554,-354.92603
-329.34903,270.90656,-356.21802
-329.85553,269.5135,-357.49347
-330.2705,268.10345,-358.779
-330.66803,266.75696,-359.93298
-330.96802,265.36798,-361.123
-331.1305,263.94748,-362.35248
-331.27704,262.48895,-363.51697
-331.27847,260.974,-364.74197
-331.16748,259.321,-366.02246
-330.949,257.63553,-367.32147
-330.68146,255.83952,-368.6475
-330.47296,254.09302,-369.8025
-330.0445,252.20102,-371.1675
-329.648,250.2985,-372.415
-329.17047,248.32748,-373.69452
-328.489,246.3355,-375.05502
-327.89,244.40051,-376.22952
-327.27997,242.32199,-377.44052
-326.575,240.189,-378.695
-325.85898,237.96548,-379.99252
-325.1855,235.79399,-381.19897
-324.53702,233.61401,-382.39752
-323.897,231.39351,-383.577
-323.174,228.9685,-384.967
-322.4265,226.57748,-386.346
-321.7875,224.24902,-387.59253
-321.08002,221.86453,-388.95856
-320.34903,219.56001,-390.29755
-319.69098,217.36299,-391.48303
-318.9655,215.11551,-392.74402
-318.2555,212.95403,-393.95
-317.4475,210.80753,-395.23752
-316.7155,208.68001,-396.46652
-315.9015,206.57451,-397.805
-315.201,204.491,-399.07202
-314.6935,202.427,-400.2295
-314.1125,200.26201,-401.589
-313.5105,198.32101,-402.8735
-313.112,196.37051,-404.052
-312.71503,194.38802,-405.31253
-312.37747,192.46451,-406.55753
-312.102,190.569,-407.80255
-311.96448,188.6755,-409.04904
-311.97748,186.90399,-410.17255
-312.0945,185.07451,-411.32455
-312.23898,183.2025,-412.566
-312.51602,181.4025,-413.71396
-312.93353,179.53448,-414.87604
-313.49652,177.67749,-416.03052
-314.26505,175.76399,-417.17447
-315.11853,173.82649,-418.32748
-316.1175,171.83899,-419.45746
-317.22052,169.90598,-420.53696
-318.42606,167.96747,-421.58698
-319.6535,166.03897,-422.63745
-320.945,164.09549,-423.6595
-322.302,162.1255,-424.65698
-323.629,160.069,-425.74448
-324.884,158.11649,-426.8255
-326.18298,156.1885,-427.83798
-327.417,154.2665,-428.8935
-328.63898,152.37048,-429.9205
-329.74948,150.46748,-431.04053
-330.75247,148.51149,-432.22348
-331.7055,146.67198,-433.36652
-332.57953,144.814,-434.55005
-333.3415,143.03099,-435.76
-334.0655,141.243,-436.95703
-334.626,139.517,-438.221
-335.01154,137.84799,-439.53998
-335.29,136.17749,-440.89795
-335.4385,134.5685,-442.2945
-335.5355,132.91599,-443.692
-335.44,131.2775,-445.19247
-335.27402,129.6465,-446.70795
-334.99652,128.10298,-448.2545
-334.6285,126.62699,-449.80298
-334.25848,125.14199,-451.3375
-333.83047,123.67849,-452.89697
-333.33746,122.24751,-454.494
-332.845,120.829506,-456.08148
-332.266,119.381004,-457.75946
-331.7,117.9895,-459.36603
-331.07248,116.7065,-461.0005
-330.495,115.348,-462.62555
-329.91998,114.025986,-464.25504
-329.371,112.64598,-465.89102
-328.841,111.31449,-467.514
-328.341,109.959496,-469.13898
-327.883,108.63051,-470.73602
-327.41302,107.330505,-472.34454
-327.00253,106.032005,-473.917
-326.5665,104.740005,-475.52448
-326.18253,103.4495,-477.10297
-325.7575,102.0835,-478.81
-325.3755,100.6615,-480.4855
-324.952,99.22951,-482.20795
-324.57397,97.826004,-483.889
-324.202,96.38051,-485.58755
-323.83997,94.9445,-487.27252
-323.49445,93.4845,-488.955
-323.13547,92.0165,-490.65546
-322.7635,90.581,-492.33
-322.469,89.1135,-493.95148
-322.0665,87.631,-495.65195
-321.67902,86.179,-497.29996
-321.30756,84.70799,-498.94296
-320.86603,83.2115,-500.63852
-320.42105,81.67899,-502.3235
-319.96353,80.134995,-503.9835
-319.50452,78.6,-505.62296
-319.0335,77.039,-507.25897
-318.565,75.4655,-508.8785
-318.05753,73.868,-510.51358
-317.5485,72.36,-512.0435
-316.966,70.8855,-513.61755
-316.404,69.381,-515.171
-315.77948,67.8495,-516.7521
-315.167,66.311,-518.3146
-314.50946,64.7705,-519.9076
-313.8195,63.270008,-521.4821
-313.1755,61.803,-522.9956
-312.483,60.280006,-524.56415
-311.7925,58.753002,-526.12256
-311.06854,57.231007,-527.69604
-310.33804,55.766,-529.2621
-309.58002,54.271496,-530.8425
-308.83603,52.805492,-532.392
-308.08954,51.298992,-533.94653
-307.2525,49.832996,-535.5315
-306.4715,48.372,-537.081
-305.6615,46.928493,-538.671
-304.83,45.51,-540.24744
-304.0445,44.096,-541.79407
-303.12997,42.655003,-543.492
-302.34998,41.231,-545.0825
-301.54797,39.803997,-546.694
-300.706,38.433002,-548.327
-299.83398,37.103,-549.952
-298.9915,35.775497,-551.5665
-298.13547,34.358498,-553.2865
-297.266,33.006496,-555.011
-296.37402,31.687496,-556.70496
-295.4825,30.4025,-558.414
-294.66254,29.169,-560.05695
-293.855,27.844501,-561.72894
-293.03104,26.537497,-563.4175
-292.22748,25.261,-565.1295
-291.37598,24.1125,-566.8405
-290.58548,22.9665,-568.50854
-289.83798,21.799501,-570.1671
-289.06894,20.648502,-571.83856
-288.33197,19.570002,-573.49506
-287.51102,18.502003,-575.20154
-286.82452,17.4395,-576.809
-286.00848,16.42,-578.5021
-285.1875,15.487999,-580.15607
-284.398,14.528499,-581.793
-283.60297,13.648999,-583.44446
-282.8145,12.789499,-585.0824
-281.989,12.060499,-586.66895
-281.161,11.334,-588.2405
-280.3955,10.642499,-589.786
-279.515,9.970999,-591.3655
-278.63153,9.37,-592.95355
-277.74652,8.7645,-594.5126
-276.75848,8.304998,-596.184
-275.7045,7.8970003,-597.83954
-274.65903,7.4995003,-599.47205
-273.61652,7.1435,-601.11194
-272.50848,6.8550005,-602.77454
-271.4195,6.6035004,-604.41095
-270.2195,6.401,-606.092
-269.07855,6.2685003,-607.7529
-267.88852,6.2575006,-609.3669
-266.69052,6.2740006,-610.9594
-265.5655,6.3035,-612.5379
-264.387,6.3900003,-614.1344
-263.18195,6.5235,-615.7125
-261.89398,6.6800003,-617.298
-260.63602,6.8919997,-618.7945
-259.376,7.1595,-620.247
-258.042,7.4695,-621.6795
-256.7725,7.795999,-623.0145
-255.50049,8.0655,-624.3
-254.13301,8.459999,-625.5695
-252.78598,8.8405,-626.64905
-251.405,9.2105,-627.67755
-249.99199,9.6485,-628.64954
-248.60051,10.0945,-629.54456
-247.18501,10.562501,-630.39557
-245.6575,11.044001,-631.2215
-244.205,11.567499,-631.95105
-242.63599,12.0915,-632.64606
-241.02597,12.643,-633.29553
-239.49551,13.2255,-633.8725
-237.8735,13.823001,-634.432
-236.30551,14.457501,-634.91547
-234.67001,15.076001,-635.38904
-233.09402,15.769501,-635.8035
-231.47452,16.4905,-636.23
-229.76352,17.2005,-636.68854
-228.08652,17.986502,-637.1295
-226.3895,18.8365,-637.5885
-224.59001,19.76,-638.07043
-222.639,20.7975,-638.62
-220.70651,21.915,-639.177
-218.81255,23.0575,-639.7345
-216.91101,24.189499,-640.309
-214.86499,25.390999,-640.93854
-212.78401,26.6625,-641.5775
-210.5595,28.151999,-642.235
-208.24051,29.6245,-642.9245
-205.95248,31.16,-643.5815
-203.63449,32.738,-644.225
-201.14201,34.3745,-644.87695
-198.69101,36.084,-645.46594
-196.1085,37.8365,-646.03796
-193.382,39.817497,-646.514
-190.499,41.888,-646.9874
-187.77151,43.838005,-647.38495
-184.874,45.969505,-647.759
-181.91049,48.103004,-648.12103
-178.85951,50.265,-648.48254
-175.71501,52.585,-648.8105
-172.73,54.790497,-649.0675
-169.66449,56.993996,-649.32947
-166.4585,59.323997,-649.566
-163.26302,61.695,-649.7471
-160.151,64.080505,-649.8735
-156.957,66.5045,-649.9685
-153.83101,68.8815,-649.9841
-150.6725,71.3085,-649.97253
-147.54752,73.787506,-649.9325
-144.41951,76.2885,-649.8765
-141.37752,78.822,-649.8115
-138.23901,81.384995,-649.7905
-135.126,84.097496,-649.77997
-132.164,86.677505,-649.8314
-129.34898,89.2255,-649.87946
-126.32597,91.95449,-649.9824
-123.50498,94.635994,-650.05597
-120.752975,97.38049,-650.10846
-118.091,100.1875,-650.134
-115.5095,103.01799,-650.152
-112.9305,105.91901,-650.15247
-110.439514,108.871994,-650.1149
-108.099,111.78249,-650.083
-105.733505,114.770004,-650.053
-103.376,117.819984,-650.021
-100.921005,121.0625,-650.005
-98.64,124.3265,-649.97955
-96.23799,127.506996,-650.0126
-93.86851,130.82199,-650.005
-91.714,134.097,-649.995
-89.5175,137.337,-650.021
-87.1715,140.7245,-650.01746
-84.746506,144.02351,-650.019
-82.463005,147.23653,-650.00946
-80.0665,150.427,-649.996
-77.78199,153.601,-649.9465
-75.214005,156.57051,-649.974
-72.175995,160.01501,-649.899
-69.249,163.2095,-649.8695
-66.348495,166.1945,-649.8561
-63.715004,169.34601,-649.7611
-60.501507,172.2785,-649.7541
-57.2065,175.09102,-649.7616
-53.8805,177.877,-649.755
-50.3245,180.51898,-649.778
-46.792,182.84651,-649.79803
-43.137,184.982,-649.854
-39.615,187.1495,-649.8285
-35.9405,189.0145,-649.8634
-31.851501,190.80449,-649.902
-27.904001,192.46548,-649.9255
-24.029,193.7485,-650.005
-19.956997,195.09048,-649.9975
-15.646497,196.31898,-649.99896
-11.331499,197.33699,-650.03796
-6.8224993,198.31749,-650.0525
-2.4900002,199.19998,-650.0375
1.6000004,199.4755,-650.1105
6.0480003,199.7005,-650.1545
10.5915,199.86252,-650.1725
15.6519985,199.59851,-650.26404
20.1365,199.40651,-650.262
24.552,199.15201,-650.2415
29.352499,198.60101,-650.228
34.012,199.0415,-649.83105
38.5365,198.10002,-649.82654
43.090496,197.041,-649.796
47.6305,195.82051,-649.775
52.5,194.142,-649.7375
57.216503,192.26251,-649.70544
62.193504,190.167,-649.65045
67.1155,187.93701,-649.5819
71.7805,185.37451,-649.5524
76.31801,182.6405,-649.5445
80.839005,179.83902,-649.485
85.4345,176.45251,-649.4855
89.92351,173.01102,-649.47595
94.18501,169.36801,-649.508
98.2435,165.71101,-649.5315
102.12,161.88748,-649.599
105.7275,158.02548,-649.68506
109.382996,153.89299,-649.80853
113.13298,149.49948,-649.97644
116.44548,145.06749,-650.18396
119.64099,139.42949,-650.782
122.858505,135.0365,-650.98596
125.960495,130.51399,-651.23694
129.037,125.86749,-651.50793
131.67099,121.49349,-651.77997
134.362,117.00449,-652.029
136.8755,112.5485,-652.2895
139.35,108.1345,-652.51697
141.825,103.6405,-652.755
144.2825,99.11751,-652.9775
146.77051,94.5345,-653.189
149.2465,90.00951,-653.381
151.729,85.4185,-653.573
154.33351,80.836,-653.74097
156.91849,76.17151,-653.9249
159.61,71.497505,-654.087
162.3965,66.764,-654.226
165.19002,62.032,-654.35046
167.97652,57.294006,-654.4495
170.8135,52.521503,-654.51355
173.725,47.731003,-654.54846
176.64053,42.851006,-654.564
179.58102,38.020504,-654.55804
182.73451,32.863503,-654.532
185.8945,27.727505,-654.5135
188.93703,22.649,-654.515
192.059,17.5985,-654.497
195.137,12.555998,-654.5085
198.2025,7.5074973,-654.5235
201.29399,2.4774995,-654.525
204.3855,-2.5939999,-654.53503
207.20552,-7.464999,-654.5725
210.0635,-12.289999,-654.5691
212.85751,-17.1695,-654.5646
215.63802,-21.969501,-654.54504
218.33853,-26.754002,-654.5395
221.01299,-31.571499,-654.5255
223.6315,-36.4715,-654.525
226.198,-41.261497,-654.489
228.60202,-46.0635,-654.4955
230.93552,-50.834496,-654.496
233.1665,-55.636497,-654.5101
235.32549,-60.434498,-654.5226
237.13701,-64.9655,-654.544
238.85551,-69.619995,-654.55457
240.41248,-74.289505,-654.5586
241.801,-78.952995,-654.5851
243.082,-83.663994,-654.596
244.15201,-88.3865,-654.62805
245.09148,-93.0995,-654.65454
245.76651,-97.822495,-654.70953
246.35649,-102.57749,-654.715
246.70898,-107.280495,-654.76306
246.86948,-111.892494,-654.8265
246.90901,-116.58699,-654.8656
246.80551,-121.29598,-654.87256
246.44199,-125.98148,-654.88904
245.83447,-130.626,-654.89
245.075,-135.1855,-654.90405
244.17451,-139.6365,-654.9175
243.1655,-144.068,-654.90796
242.04448,-148.429,-654.89197
240.78549,-152.758,-654.8734
239.42148,-156.978,-654.84344
237.84749,-161.14499,-654.8104
236.15002,-165.15799,-654.80347
234.42705,-169.11148,-654.763
232.59602,-172.97647,-654.7195
230.71204,-176.73099,-654.6665
228.71602,-180.43599,-654.599
226.684,-183.948,-654.5225
224.65251,-187.20549,-654.474
222.63052,-190.47649,-654.38
220.56699,-193.613,-654.3055
218.49898,-196.6055,-654.232
216.44748,-199.478,-654.1654
214.45149,-202.108,-654.1244
212.54147,-204.60197,-654.069
210.57248,-206.9855,-654.063
208.717,-209.3175,-654.01
206.86201,-211.51147,-653.99695
205.08798,-213.59448,-653.988
203.382,-215.6215,-653.98096
201.71649,-217.55301,-653.9979
200.199,-219.2825,-654.03546
198.82701,-220.99199,-654.0414
197.48401,-222.65752,-654.07947
196.303,-224.23299,-654.1249
195.19852,-225.819,-654.1674
194.19049,-227.394,-654.2495
193.259,-228.96199,-654.31995
192.3555,-230.55399,-654.40454
191.543,-232.08847,-654.49554
190.80301,-233.66098,-654.5726
190.064,-235.23898,-654.6655
189.40201,-236.91397,-654.71594
188.768,-238.64148,-654.77496
188.24449,-240.27051,-654.84344
187.69249,-241.94302,-654.91144
187.155,-243.73701,-654.9615
186.6305,-245.556,-655.01843
186.10551,-247.3945,-655.078
185.5565,-249.26799,-655.14496
185.0635,-251.19199,-655.1665
184.58601,-253.16147,-655.17346
184.103,-255.09798,-655.2005
183.6065,-257.043,-655.22253
183.1155,-259.0885,-655.2001
182.634,-261.0935,-655.20654
182.03748,-263.06198,-655.2311
181.543,-265.1065,-655.2106
180.85849,-267.3585,-655.153
180.35999,-269.35098,-655.1681
179.85548,-271.4245,-655.154
179.36148,-273.48853,-655.1585
178.85098,-275.5845,-655.2035
178.37547,-277.712,-655.21796
177.83049,-279.86798,-655.24243
177.40799,-282.055,-655.22253
176.9825,-284.1215,-655.25146
176.5585,-286.195,-655.2699
176.1485,-288.287,-655.2749
175.75049,-290.397,-655.2699
175.34698,-292.459,-655.287
174.952,-294.469,-655.31805
174.541,-296.48053,-655.3505
174.142,-298.5025,-655.36755
173.7085,-300.46652,-655.405
173.258,-302.414,-655.43756
172.90599,-304.30753,-655.432
172.4955,-306.139,-655.447
172.26599,-307.727,-655.50256
171.8715,-309.5635,-655.474
171.5,-311.2765,-655.491
171.13503,-312.9885,-655.486
170.74802,-314.613,-655.46704
170.35352,-316.24103,-655.4395
169.89554,-317.8395,-655.4325
169.46451,-319.39597,-655.4285
169.02902,-320.9495,-655.403
168.6055,-322.54095,-655.3405
168.068,-324.16748,-655.31555
167.53749,-325.708,-655.291
167.02199,-327.211,-655.2596
166.48949,-328.74496,-655.1985
165.94098,-330.27252,-655.132
165.3675,-331.725,-655.0935
164.741,-333.106,-655.077
164.0975,-334.5135,-655.022
163.44951,-335.83948,-654.97296
162.78851,-337.136,-654.9189
162.1055,-338.44348,-654.8529
161.37651,-339.66748,-654.8124
160.634,-340.91647,-654.7324
159.827,-342.13098,-654.6569
159.01099,-343.229,-654.5985
158.146,-344.27448,-654.54755
157.32549,-345.246,-654.494
156.44049,-346.233,-654.42004
155.5625,-347.211,-654.332
154.6625,-348.06903,-654.3035
153.8255,-348.9265,-654.19403
152.9395,-349.70453,-654.13153
152.069,-350.49603,-654.0405
151.225,-351.23505,-653.95746
150.3635,-351.9175,-653.86804
149.55699,-352.6145,-653.7295
148.7685,-353.33704,-653.536
147.98502,-353.98553,-653.33344
147.24501,-354.71,-653.07556
146.476,-355.38947,-652.8415
145.70401,-356.0625,-652.6045
144.94351,-356.762,-652.3585
144.13753,-357.4995,-652.1465
143.38751,-358.21353,-651.9525
142.64351,-358.95703,-651.747
141.86002,-359.68756,-651.5645
141.1395,-360.48456,-651.3294
140.45401,-361.29105,-651.0829
139.58401,-362.22104,-650.8289
138.745,-363.15106,-650.5665
137.93748,-363.91302,-650.39246
137.168,-364.74854,-650.17346
136.30049,-365.52753,-650.019
135.43399,-366.34903,-649.84595
134.6555,-367.16,-649.69293
133.83601,-367.9325,-649.58997
133.002,-368.71597,-649.50745
132.181,-369.52148,-649.45953
131.35849,-370.27054,-649.46204
130.5255,-371.049,-649.4645
129.72049,-371.8215,-649.471
128.93251,-372.57352,-649.48303
128.19351,-373.27353,-649.474
127.478004,-373.94055,-649.46594
126.784996,-374.62302,-649.44653
126.12649,-375.30704,-649.42255
125.42699,-375.95404,-649.43805
124.71748,-376.55655,-649.47656
124.18099,-376.97253,-649.56506
123.60049,-377.36603,-649.66406
123.0355,-377.81354,-649.71204
122.4485,-378.23297,-649.76044
121.9125,-378.63495,-649.7925
121.35901,-378.97845,-649.85095
120.756996,-379.35846,-649.891
120.142006,-379.7575,-649.919
119.57399,-380.08347,-649.98096
119.02,-380.411,-650.0335
118.454506,-380.70547,-650.1085
117.8895,-380.95496,-650.2045
117.2975,-381.224,-650.28546
116.6885,-381.442,-650.39636
116.1355,-381.6655,-650.49097
115.636,-381.96698,-650.53143
115.03098,-382.1675,-650.65247
114.4095,-382.36996,-650.765
113.7735,-382.55597,-650.894
113.14901,-382.73047,-651.03894
112.54252,-382.9315,-651.1725
111.96352,-383.17297,-651.296
111.351,-383.39096,-651.45953
110.7665,-383.59146,-651.6615
110.2135,-383.818,-651.854
109.6405,-384.05148,-652.054
109.065994,-384.21597,-652.29
108.521996,-384.4065,-652.50604
107.9635,-384.61298,-652.71906
107.376,-384.8155,-652.9386
106.79201,-385.0435,-653.1647
106.232506,-385.27597,-653.3836
105.6985,-385.50696,-653.60803
105.177505,-385.77295,-653.8075
104.593506,-386.03445,-654.0165
103.861,-386.21194,-654.28845
103.21,-386.40497,-654.521
102.62449,-386.58295,-654.74005
102.0405,-386.79794,-654.933
101.410995,-386.97348,-655.139
100.743,-387.1215,-655.35
100.0655,-387.28696,-655.528
99.375,-387.44,-655.6964
98.65599,-387.60403,-655.819
97.9665,-387.7505,-655.9389
97.2855,-387.8895,-656.05646
96.607994,-388.08246,-656.1315
95.9265,-388.25348,-656.2195
95.277,-388.44647,-656.286
94.66,-388.60547,-656.37146
94.034996,-388.74896,-656.43396
93.433495,-388.92197,-656.475
92.8415,-389.05844,-656.536
92.20899,-389.17795,-656.616
91.61199,-389.31845,-656.67444
91.06799,-389.46097,-656.7345
90.508,-389.6525,-656.76794
89.9525,-389.85446,-656.80347
89.408,-390.08545,-656.81647
88.920494,-390.339,-656.8145
88.456505,-390.58444,-656.81946
88.019005,-390.8415,-656.82
87.616,-391.143,-656.79254
87.253,-391.39297,-656.80505
86.85551,-391.69446,-656.7855
86.477,-391.96198,-656.78503
86.1175,-392.2385,-656.78406
85.76851,-392.512,-656.78455
85.3835,-392.787,-656.7931
84.9915,-393.08948,-656.777
84.61549,-393.42096,-656.7465
84.2325,-393.69348,-656.75256
83.866,-393.999,-656.72705
83.524994,-394.34552,-656.6705
83.189995,-394.66302,-656.633
82.8745,-394.992,-656.57446
82.57649,-395.3165,-656.51196
82.263504,-395.614,-656.4715
81.972496,-395.85703,-656.4464
81.66899,-396.06503,-656.4345
81.3685,-396.32855,-656.38
81.081,-396.53204,-656.35455
80.7675,-396.60504,-656.40204
80.507,-396.83002,-656.3356
80.248,-396.92804,-656.351
79.990005,-396.996,-656.3745
79.7535,-397.00647,-656.42
79.5565,-397.087,-656.40393
79.4015,-397.12848,-656.3959
79.22451,-397.21048,-656.3694
79.0475,-397.237,-656.371
78.8215,-397.297,-656.3519
78.675,-397.32452,-656.34247
78.5325,-397.299,-656.364
78.443504,-397.2635,-656.382
78.3835,-397.251,-656.395
78.393005,-397.2425,-656.412
78.440506,-397.23505,-656.41907
78.52851,-397.24353,-656.4151
78.61051,-397.30753,-656.3971
78.70051,-397.38702,-656.3761
78.733505,-397.58203,-656.3111
78.76401,-397.86554,-656.20764
78.79751,-398.1125,-656.1476
78.86601,-398.34253,-656.1116
78.94501,-398.69647,-656.006
79.03451,-399.088,-655.8945
79.0565,-399.4505,-655.84393
79.093506,-399.83447,-655.7915
79.185005,-400.18704,-655.7585
79.288994,-400.571,-655.738
79.4495,-400.96698,-655.72046
79.5675,-401.3715,-655.7064
79.688995,-401.91547,-655.6654
79.74501,-402.52448,-655.6215
79.78251,-403.05447,-655.64655
79.810005,-403.63397,-655.64453
79.811,-404.23248,-655.6525
79.783005,-404.84097,-655.6935
79.80399,-405.46097,-655.74054
79.85449,-406.097,-655.8121
79.911995,-406.56396,-655.99207
80.00949,-407.114,-656.14404
80.12549,-407.63654,-656.3205
80.198494,-408.28302,-656.44104
80.31749,-408.94952,-656.571
80.351494,-409.631,-656.7336
80.472,-410.41455,-656.8426
80.551,-411.24854,-656.9361
80.51449,-411.956,-657.1426
80.55499,-412.74854,-657.283
80.496506,-413.55304,-657.4315
80.461,-414.423,-657.56256
80.41401,-415.45502,-657.57294
80.4145,-416.40497,-657.626
80.37,-417.57706,-657.54443
80.309006,-418.58453,-657.57446
80.212,-419.656,-657.5745
80.08201,-420.70206,-657.581
79.913506,-421.80704,-657.55505
79.662,-422.96298,-657.49554
79.429504,-424.296,-657.3145
79.176,-425.6005,-657.137
78.8425,-426.94897,-656.935
78.46999,-428.26553,-656.74054
77.9985,-429.5035,-656.589
77.520004,-430.75,-656.41144
76.901,-431.86395,-656.305
76.256,-432.96548,-656.2015
75.6985,-434.25653,-655.9315
75.0025,-435.4395,-655.73157
74.33101,-436.5895,-655.5325
73.468506,-437.68402,-655.38245
72.608,-438.493,-655.3705
71.686,-439.3545,-655.312
70.788,-440.04303,-655.3285
69.813,-440.83197,-655.273
68.845505,-441.597,-655.2025
67.888504,-442.25153,-655.19006
66.4725,-442.87347,-655.1925
65.8,-443.21353,-655.2725
64.79,-443.57098,-655.34
63.7725,-443.86346,-655.4241
62.764496,-444.09497,-655.5205
61.807,-444.3095,-655.591
60.873505,-444.49902,-655.64746
59.981,-444.64655,-655.6959
59.141003,-444.71704,-655.7584
58.336998,-444.73907,-655.81696
57.565502,-444.65005,-655.93994
56.829002,-444.601,-656.0139
56.176495,-444.493,-656.1019
55.6185,-444.40552,-656.126
55.154003,-444.308,-656.15295
54.6745,-444.1375,-656.21344
54.258503,-443.98102,-656.25745
53.941505,-443.76596,-656.32794
53.706505,-443.48398,-656.4349
53.499504,-443.32446,-656.4535
53.813,-443.03302,-656.5189
53.9445,-443.42645,-656.144
54.302002,-443.28296,-656.1334
54.0465,-443.1875,-656.152
53.9245,-443.5395,-655.875
54.45,-443.38348,-655.929
55.026497,-443.2835,-655.958
55.369,-443.059,-656.122
55.8415,-443.15347,-656.08295
56.4175,-443.133,-656.15796
56.8385,-443.13452,-656.244
57.425,-443.014,-656.40295
58.139,-443.04498,-656.47205
58.758995,-443.18854,-656.4995
59.331,-443.24594,-656.5905
59.987,-443.5114,-656.5425
60.515003,-443.92197,-656.42957
61.034004,-444.2005,-656.4031
61.5195,-444.65396,-656.2605
62.001,-445.12646,-656.10803
62.424,-445.639,-655.971
62.377495,-445.78198,-656.1265
62.399006,-446.39444,-655.96106
62.9575,-447.00897,-655.7545
63.507507,-447.1665,-655.8665
63.355507,-447.92645,-655.6365
63.100494,-448.725,-655.39197
63.069008,-449.771,-654.965
63.010506,-450.55902,-654.727
62.75401,-451.49252,-654.394
62.58901,-452.4625,-654.0335
62.25251,-453.60602,-653.596
61.709003,-454.66644,-653.25354
61.290997,-455.55145,-653.0305
60.798492,-456.62445,-652.68695
60.167492,-457.49152,-652.50696
59.64549,-458.19702,-652.417
59.04299,-459.0765,-652.22205
58.29299,-459.8355,-652.11896
57.465004,-460.51898,-652.06146
56.708,-461.2735,-651.9195
55.793507,-461.83603,-651.90857
54.877502,-462.28094,-651.945
54.028004,-462.67905,-651.9799
52.983498,-463.00055,-652.03406
51.896004,-463.16006,-652.1271
50.845497,-463.28506,-652.208
49.7425,-463.295,-652.3275
48.531,-463.192,-652.4835
47.396004,-463.08,-652.6025
46.2395,-462.903,-652.73956
45.050995,-462.63354,-652.88354
43.844,-462.31305,-652.99805
42.592995,-462.0045,-653.066
41.347496,-461.6295,-653.15497
40.162,-461.25253,-653.208
38.9405,-460.86456,-653.24854
37.7295,-460.46158,-653.26953
36.5745,-459.97305,-653.327
35.425,-459.56152,-653.32556
34.183002,-459.1275,-653.34406
33.023003,-458.7085,-653.35004
31.935999,-458.368,-653.3185
30.836002,-458.0125,-653.31995
29.781,-457.72803,-653.29456
28.783,-457.52002,-653.24994
27.803,-457.32404,-653.21844
26.857,-457.1275,-653.19946
25.915997,-457.05753,-653.1139
24.977997,-456.93497,-653.086
24.091497,-456.88095,-653.0245
23.213999,-456.85394,-652.97595
22.3785,-456.8505,-652.94806
21.5625,-456.951,-652.86804
20.8065,-457.01398,-652.84
20.049004,-457.12543,-652.7931
19.296503,-457.23593,-652.7595
18.5515,-457.40704,-652.7035
17.8155,-457.602,-652.651
17.099499,-457.7855,-652.61847
16.418499,-457.94647,-652.599
15.750498,-458.1455,-652.5675
15.092499,-458.32397,-652.5524
14.4705,-458.555,-652.50195
13.861501,-458.80194,-652.4505
13.254501,-459.0219,-652.4265
12.619501,-459.20547,-652.42804
12.125,-459.40497,-652.42053
11.6065,-459.53003,-652.47156
11.002501,-459.71606,-652.474
10.385,-459.83856,-652.52057
9.796,-460.04907,-652.50104
9.202501,-460.24512,-652.488
8.657001,-460.37152,-652.5255
8.0945,-460.58398,-652.498
7.5619993,-460.76593,-652.49
7.058999,-460.90445,-652.51447
6.5469995,-461.00595,-652.56946
6.0645,-461.07047,-652.646
5.5845,-461.15396,-652.7065
5.0565,-461.19247,-652.7975
4.4819994,-461.215,-652.8885
3.8684998,-461.2625,-652.95795
3.2345002,-461.31598,-653.01294
2.6595,-461.309,-653.1
2.1145,-461.40802,-653.1105
1.5830002,-461.43253,-653.1755
0.95249975,-461.46402,-653.23254
0.28099996,-461.5175,-653.2755
-0.28700003,-461.5415,-653.354
-0.7625001,-461.65552,-653.37854
-1.359,-461.70703,-653.478
-1.923,-461.80298,-653.547
-2.4815001,-461.86102,-653.6545
-3.088,-461.88852,-653.7885
-3.7415001,-461.93304,-653.92755
-4.3965,-462.15656,-653.943
-5.0150003,-462.414,-653.9415
-5.609,-462.65546,-653.9615
-6.203,-462.8815,-654.0015
-6.8044996,-463.1765,-654.0005
-7.3484993,-463.473,-654.00195
-7.8799987,-463.7875,-653.99805
-8.472499,-464.0645,-654.0475
-9.130999,-464.36652,-654.0835
-9.76,-464.63348,-654.14246
-10.378,-464.993,-654.1435
-11.0165,-465.32355,-654.17395
-11.585,-465.71353,-654.161
-12.1935005,-466.14902,-654.117
-12.938499,-466.51,-654.126
-13.515001,-466.796,-654.162
-14.087001,-467.128,-654.16003
-14.743001,-467.48447,-654.13196
-15.3365,-467.82343,-654.1145
-15.907,-468.12094,-654.11505
-16.5325,-468.40396,-654.1245
-17.195,-468.6485,-654.16296
-17.863499,-468.93646,-654.164
-18.5265,-469.252,-654.13904
-19.1175,-469.52148,-654.15497
-19.7315,-469.77948,-654.18396
-20.3475,-470.01596,-654.23145
-20.8945,-470.27646,-654.25696
-21.402002,-470.58896,-654.2479
-21.964,-470.87347,-654.26746
-22.515501,-471.14102,-654.29346
-23.0875,-471.43204,-654.29895
-23.6515,-471.723,-654.2999
-24.158,-471.95444,-654.3395
-24.7115,-472.216,-654.3515
-25.212002,-472.53555,-654.331
-25.723001,-472.85757,-654.302
-26.192001,-473.23355,-654.23303
-26.695501,-473.583,-654.18756
-27.253,-473.92596,-654.14954
-27.713501,-474.19345,-654.1645
-28.164501,-474.53946,-654.11
-28.630001,-474.91342,-654.0375
-29.091501,-475.21094,-654.01447
-29.601498,-475.61444,-653.9104
-30.1125,-475.94247,-653.86993
-30.619999,-476.22998,-653.852
-31.092999,-476.57452,-653.786
-31.622498,-476.89752,-653.72955
-32.141,-477.194,-653.6841
-32.6655,-477.473,-653.6481
-33.1315,-477.77798,-653.59454
-33.5605,-478.0665,-653.556
-34.047005,-478.33258,-653.5325
-34.4515,-478.60358,-653.50494
-34.955,-478.893,-653.442
-35.434,-479.16098,-653.4085
-35.921,-479.29102,-653.473
-36.399,-479.5025,-653.4605
-36.836998,-479.75406,-653.41754
-37.325497,-479.9375,-653.4325
-37.802998,-480.10547,-653.45105
-38.26,-480.31796,-653.4501
-38.712997,-480.47348,-653.5025
-39.158997,-480.64648,-653.52747
-39.553993,-480.846,-653.5335
-39.964996,-481.1045,-653.50006
-40.415993,-481.34747,-653.4715
-40.828995,-481.55396,-653.473
-41.211494,-481.78247,-653.4586
-41.612495,-481.99503,-653.456
-42.03,-482.2045,-653.4501
-42.474,-482.4245,-653.43463
-42.9045,-482.70297,-653.37695
-43.3255,-482.954,-653.34094
-43.7185,-483.15048,-653.35657
-44.177,-483.319,-653.38
-44.564,-483.6645,-653.271
-45.202,-484.01547,-653.14703
-45.580997,-484.18002,-653.182
-46.0095,-484.45148,-653.127
-46.404,-484.65195,-653.1371
-46.791,-484.84747,-653.132
-47.1495,-485.07397,-653.102
-47.565506,-485.25504,-653.104
-47.955006,-485.48846,-653.0575
-48.325504,-485.7015,-653.02344
-48.724506,-485.88803,-653.0035
-49.10151,-486.07904,-652.98596
-49.494007,-486.25854,-652.9719
-49.848003,-486.42953,-652.9694
-50.239006,-486.63354,-652.9405
-50.621502,-486.81454,-652.93445
-51.002,-486.98804,-652.9325
-51.432503,-487.1695,-652.94543
-51.824005,-487.43344,-652.909
-52.1815,-487.64697,-652.91705
-52.577503,-487.81598,-652.9675
-52.735504,-487.94003,-653.078
-53.126503,-488.24298,-653.042
-53.465504,-488.4975,-653.0491
-53.820995,-488.76953,-653.0431
-54.185997,-489.028,-653.0465
-54.612,-489.37802,-652.98206
-54.9745,-489.70648,-652.93756
-55.391003,-490.00244,-652.90247
-55.8255,-490.33194,-652.83997
-56.221504,-490.64496,-652.7914
-56.6455,-490.97003,-652.7244
-57.067005,-491.252,-652.6854
-57.494007,-491.63052,-652.571
-57.8885,-491.94955,-652.51154
-58.299004,-492.20303,-652.496
-58.7335,-492.49054,-652.4545
-59.1185,-492.744,-652.41156
-59.545002,-492.90298,-652.42206
-59.976,-493.12543,-652.37506
-60.4375,-493.29092,-652.3595
-60.908497,-493.46094,-652.327
-61.391,-493.62946,-652.2845
-61.861004,-493.8235,-652.218
-62.3265,-494.05353,-652.12756
-62.827003,-494.23608,-652.07404
-63.278503,-494.3566,-652.0675
-63.734997,-494.4611,-652.081
-64.1775,-494.57706,-652.108
-64.60899,-494.70306,-652.13
-65.035995,-494.84003,-652.14496
-65.46751,-494.93805,-652.18494
-65.925,-495.08453,-652.1874
-66.365005,-495.1635,-652.246
-66.839005,-495.27197,-652.2899
-67.3185,-495.43652,-652.28796
-67.7935,-495.5375,-652.3244
-68.23201,-495.69247,-652.3364
-68.6785,-495.906,-652.30646
-69.0915,-496.10147,-652.29803
-69.528496,-496.30606,-652.274
-69.90849,-496.48453,-652.27704
-70.29699,-496.67755,-652.26855
-70.69199,-496.79303,-652.31506
-71.10399,-496.90152,-652.3636
-71.48549,-497.01602,-652.4076
-71.844,-497.11554,-652.46606
-72.2825,-497.23203,-652.5021
-72.718,-497.41202,-652.4845
-73.19401,-497.52652,-652.50256
-73.6525,-497.62402,-652.528
-74.0855,-497.799,-652.4985
-74.487,-497.94806,-652.4925
-74.861496,-498.023,-652.538
-75.1785,-498.09106,-652.577
-75.5005,-498.18057,-652.5955
-75.7885,-498.29803,-652.604
-76.104996,-498.421,-652.589
-76.41749,-498.48248,-652.6165
-76.743484,-498.55096,-652.6335
-77.03549,-498.619,-652.6715
-77.377495,-498.66742,-652.71545
-77.67799,-498.79648,-652.70593
-78.01149,-498.91202,-652.702
-78.2935,-499.02753,-652.6985
-78.548996,-499.12604,-652.7225
-78.832504,-499.27155,-652.70746
-79.015,-499.39996,-652.70447
-79.182,-499.51447,-652.7114
-79.2675,-499.62354,-652.73694
-79.3985,-499.76352,-652.73395
-79.502,-499.85904,-652.7704
-79.642,-499.98853,-652.7804
-79.804,-500.19354,-652.73694
-80.005005,-500.31656,-652.7485
-80.189,-500.46005,-652.7495
-80.386,-500.59106,-652.75354
-80.542496,-500.69403,-652.782
-80.675995,-500.82355,-652.79004
-80.8295,-500.90448,-652.82605
-81.0145,-501.0695,-652.7765
-81.163994,-501.13843,-652.7895
-81.2855,-501.20996,-652.8005
-81.423996,-501.31195,-652.79156
-81.620995,-501.33,-652.8314
-81.83949,-501.3885,-652.82996
-82.014496,-501.433,-652.85406
-82.21349,-501.4725,-652.88104
-82.432,-501.54648,-652.87604
-82.6775,-501.61703,-652.8721
-82.887,-501.66055,-652.88806
-83.08501,-501.6855,-652.9115
-83.237,-501.71152,-652.933
-83.4835,-501.73846,-652.9386
-83.702,-501.7705,-652.952
-83.8745,-501.809,-652.95953
-83.98348,-501.84747,-652.9745
-84.145485,-501.89996,-652.98096
-84.38399,-502.00848,-652.9455
-84.58249,-502.114,-652.929
-84.77699,-502.12906,-652.98303
-84.9515,-502.2105,-652.9995
-85.16699,-502.21646,-653.0621
-85.3535,-502.31192,-653.0606
-85.5215,-502.37393,-653.09607
-85.694496,-502.4894,-653.077
-85.87449,-502.56943,-653.0706
-86.07149,-502.6385,-653.064
-86.265,-502.65845,-653.088
-86.43949,-502.66147,-653.12445
-86.6295,-502.63248,-653.18195
-86.8735,-502.63998,-653.20496
-87.1125,-502.598,-653.2635
-87.2875,-502.546,-653.3285
-87.4985,-502.575,-653.31195
-87.73699,-502.612,-653.294
-87.99899,-502.556,-653.3431
-88.25099,-502.5665,-653.3336
-88.40849,-502.52197,-653.3831
-88.531494,-502.48846,-653.4291
-88.62649,-502.529,-653.41956
-88.77,-502.61646,-653.3745
-88.8815,-502.65894,-653.3715
-88.98601,-502.65643,-653.39655
-89.0475,-502.722,-653.37146
-89.086006,-502.69296,-653.4335
-89.12599,-502.7375,-653.43695
-89.13801,-502.81747,-653.4209
-89.119995,-502.83902,-653.45996
-89.1365,-502.89203,-653.46497
-89.18199,-502.99503,-653.42737
-89.205505,-503.0835,-653.40686
-89.24249,-503.21948,-653.34796
-89.2495,-503.31146,-653.33246
-89.213,-503.40298,-653.3285
-89.19649,-503.4295,-653.371
-89.196,-503.52203,-653.36096
-89.170494,-503.583,-653.38544
-89.232994,-503.70746,-653.33997
-89.340996,-503.79047,-653.3265
-89.4545,-503.79395,-653.3775
-89.5415,-503.8195,-653.421
-89.645004,-503.852,-653.45496
-89.786,-503.91153,-653.46497
-89.95351,-504.0075,-653.451
-90.157005,-504.11954,-653.4215
-90.387505,-504.22748,-653.397
-90.639,-504.28497,-653.4144
-90.9255,-504.41147,-653.36694
-91.1575,-504.53497,-653.34094
-91.372,-504.6775,-653.3114
-91.604004,-504.7895,-653.3109
-91.798004,-504.8895,-653.34045
-92.084496,-505.0355,-653.3244
-92.388504,-505.208,-653.29895
-92.6735,-505.35352,-653.29846
-93.004,-505.56403,-653.244
-93.32,-505.74652,-653.218
-93.60249,-505.84406,-653.26746
-93.8815,-506.05054,-653.21497
-94.157,-506.26904,-653.1625
-94.463,-506.47247,-653.111
-94.7765,-506.69296,-653.05945
-95.08301,-506.9245,-653.01
-95.388504,-507.0315,-653.0605
-95.6505,-507.1945,-653.062
-95.92451,-507.34302,-653.0795
-96.193504,-507.48154,-653.106
-96.455,-507.6745,-653.10254
-96.82601,-507.93155,-653.0435
-97.14951,-508.156,-653.0205
-97.429504,-508.31705,-653.0535
-97.737,-508.52606,-653.03754
-98.00501,-508.73755,-653.02155
-98.27051,-508.88852,-653.04205
-98.56351,-509.142,-652.9785
-98.8185,-509.3505,-652.95404
-99.1085,-509.513,-652.9495
-99.4235,-509.70898,-652.90405
-99.742,-509.89398,-652.8735
-100.0525,-510.0119,-652.8915
-100.3305,-510.08545,-652.9384
-100.625496,-510.18198,-652.958
-100.8705,-510.23297,-653.0105
-101.156494,-510.3925,-652.9625
-101.454994,-510.4895,-652.9719
-101.8065,-510.63647,-652.9169
-102.096504,-510.827,-652.8419
-102.412,-510.98398,-652.7829
-102.697495,-511.08902,-652.7589
-102.9755,-511.1225,-652.7954
-103.291,-511.33148,-652.682
-103.6,-511.4435,-652.6515
-103.892494,-511.54355,-652.6345
-104.1935,-511.6495,-652.6141
-104.459,-511.6415,-652.689
-104.7205,-511.69296,-652.7255
-104.98401,-511.76147,-652.7471
-105.219505,-511.86444,-652.7545
-105.4755,-511.92,-652.8
-105.695496,-512.082,-652.76953
-105.90501,-512.258,-652.7425
-106.172,-512.4745,-652.67346
-106.4185,-512.72205,-652.597
-106.6335,-512.87756,-652.5969
-106.85899,-513.14246,-652.4995
-107.027504,-513.356,-652.45496
-107.222,-513.54456,-652.4165
-107.437,-513.6895,-652.4085
-107.6395,-513.786,-652.4341
-107.86101,-513.99854,-652.35254
-108.075,-514.165,-652.3135
-108.32849,-514.34546,-652.24646
-108.524,-514.4874,-652.2169
-108.7385,-514.70294,-652.108
-108.96101,-514.93835,-651.9829
-109.175,-515.08295,-651.9314
-109.391495,-515.224,-651.8864
-109.54801,-515.37354,-651.83795
-109.76802,-515.522,-651.77344
-110.0355,-515.66547,-651.6999
-110.3635,-515.834,-651.6065
-110.611496,-515.90656,-651.60645
-110.878006,-515.9501,-651.6134
-111.199,-516.07355,-651.54944
-111.50749,-516.10364,-651.5675
-111.813,-516.1311,-651.59247
-112.181496,-516.15955,-651.62146
-112.533,-516.21454,-651.6245
-112.812,-516.319,-651.60645
-113.113,-516.3565,-651.64197
-113.45248,-516.40845,-651.653
-113.76449,-516.477,-651.6656
-114.1085,-516.5805,-651.66003
-114.427,-516.6791,-651.68054
-114.79299,-516.772,-651.694
-115.164505,-516.9545,-651.63
-115.5355,-517.1635,-651.546
-115.974014,-517.308,-651.512
-116.32501,-517.47394,-651.4865
-116.65251,-517.5714,-651.53253
-116.97601,-517.6854,-651.546
-117.256004,-517.83203,-651.54156
-117.587,-518.032,-651.48956
-117.9185,-518.2375,-651.43555
-118.2335,-518.3905,-651.43304
-118.56549,-518.5895,-651.394
-118.81899,-518.7835,-651.37396
-119.067,-518.99396,-651.34344
-119.387985,-519.19995,-651.29944
-119.73149,-519.3945,-651.2589
-119.99447,-519.54846,-651.272
-120.29098,-519.7555,-651.2295
-120.604996,-520.039,-651.1135
-120.929504,-520.16956,-651.1265
-121.237015,-520.31854,-651.12604
-121.57051,-520.43494,-651.151
-121.92952,-520.537,-651.18054
-122.22902,-520.63043,-651.2245
-122.56653,-520.82404,-651.18005
-122.94901,-521.037,-651.1135
-123.32101,-521.209,-651.09357
-123.7395,-521.3525,-651.0875
-124.10149,-521.537,-651.0646
-124.4305,-521.693,-651.07104
-124.81799,-521.893,-651.02997
-125.19199,-522.06104,-651.02246
-125.585,-522.242,-650.98596
-125.968994,-522.4055,-650.974
-126.294495,-522.5585,-650.98846
-126.666,-522.797,-650.92804
-127.03251,-522.92444,-650.9555
-127.425,-523.1049,-650.95105
-127.828,-523.1975,-651.015
-128.179,-523.324,-651.0516
-128.55501,-523.5025,-651.0405
-128.92401,-523.7445,-650.979
-129.2315,-523.917,-650.99805
-129.5615,-524.10803,-650.991
-129.93301,-524.21204,-651.046
-130.2535,-524.3295,-651.087
-130.58151,-524.4855,-651.08997
-130.88501,-524.73944,-651.0214
-131.229,-524.82245,-651.07745
-131.56502,-524.98,-651.068
-131.8975,-525.11096,-651.06946
-132.23349,-525.27997,-651.03
-132.5895,-525.411,-651.0175
-132.93399,-525.5155,-651.0255
-133.30399,-525.59845,-651.03955
-133.57199,-525.58795,-651.1451
-133.95749,-525.8114,-651.0665
-134.2705,-525.7955,-651.181
-134.53099,-525.8729,-651.229
-134.88849,-526.04193,-651.1935
-135.197,-526.143,-651.223
-135.486,-526.1325,-651.3415
-135.802,-526.2335,-651.3615
-136.21048,-526.411,-651.318
-136.53099,-526.49945,-651.364
-136.88799,-526.65344,-651.3515
-137.1805,-526.77344,-651.38245
-137.51999,-526.93243,-651.36743
-137.824,-527.118,-651.34406
-138.12851,-527.1674,-651.4375
-138.42,-527.2699,-651.49756
-138.89949,-527.3369,-651.5365
-139.196,-527.45496,-651.58704
-139.5065,-527.5235,-651.6711
-139.824,-527.6765,-651.6761
-140.188,-527.7995,-651.6996
-140.4865,-527.8115,-651.806
-140.801,-528.00006,-651.7645
-141.15952,-528.07947,-651.8001
-141.49251,-528.12445,-651.8585
-141.8295,-528.227,-651.86755
-142.1775,-528.4275,-651.7935
-142.4855,-528.504,-651.82654
-142.77101,-528.5285,-651.89355
-143.07501,-528.60455,-651.9056
-143.36751,-528.64,-651.9525
-143.74352,-528.7855,-651.89154
-144.0645,-528.76,-651.97955
-144.41953,-528.76306,-652.03455
-144.769,-528.862,-652.0121
-145.1155,-528.9225,-652.02405
-145.25099,-528.99304,-652.078
-145.57149,-529.14453,-652.024
-145.83849,-529.33154,-651.9605
-146.14099,-529.4685,-651.9425
-146.418,-529.6705,-651.8809
-146.70749,-529.8965,-651.7904
-147.025,-529.9929,-651.80597
-147.30899,-530.14996,-651.77295
-147.53949,-530.352,-651.714
-147.76099,-530.547,-651.6869
-147.96349,-530.65546,-651.73645
-148.19449,-530.7715,-651.77
-148.39648,-530.933,-651.7645
-148.80449,-531.32947,-651.5195
-148.40799,-531.93097,-651.283
-148.52399,-532.0435,-651.339
-148.71399,-532.2355,-651.3055
-148.86049,-532.329,-651.35297
-149.03198,-532.4455,-651.36707
-149.1715,-532.6035,-651.34656
-149.32549,-532.69104,-651.38007
-149.477,-532.6485,-651.50305
-149.67448,-532.70056,-651.52704
-149.866,-532.79,-651.5111
-150.032,-532.7805,-651.57605
-150.14049,-532.7405,-651.67004
-150.27597,-532.8075,-651.66003
-150.45398,-532.86896,-651.6505
-150.62149,-532.8954,-651.6735
-150.8195,-532.8974,-651.6865
-150.99948,-532.91296,-651.6925
-151.19899,-532.98444,-651.63806
-151.369,-532.9815,-651.65656
-151.34299,-532.7415,-651.91907
-152.082,-532.3065,-652.1735
-152.26149,-532.276,-652.21204
-152.41,-532.24805,-652.268
-152.577,-532.3125,-652.2505
-152.73898,-532.34503,-652.26746
-152.8875,-532.36255,-652.307
-153.08849,-532.415,-652.30145
-153.26498,-532.5475,-652.24695
-153.411,-532.55505,-652.3105
-153.54149,-532.5635,-652.37305
-153.6755,-532.648,-652.37354
-153.8505,-532.6465,-652.4445
-153.9825,-532.6405,-652.52155
-154.1055,-532.66296,-652.5695
-154.25499,-532.65155,-652.629
-154.40749,-532.629,-652.68054
-154.6025,-532.62604,-652.68555
-154.771,-532.6305,-652.6825
-154.884,-532.5585,-652.7455
-155.0045,-532.48706,-652.78455
-155.2125,-532.40704,-652.78503
-155.4055,-532.2645,-652.81305
-155.555,-532.09357,-652.869
-155.70401,-531.89856,-652.933
-155.85403,-531.7585,-652.93756
-156.03,-531.633,-652.92303
-156.11151,-531.47144,-652.9755
-156.203,-531.287,-653.04156
-156.26451,-531.138,-653.0821
-156.34102,-530.96594,-653.1461
-156.44101,-530.832,-653.17004
-156.51001,-530.765,-653.14453
-156.5825,-530.7095,-653.1161
-156.60649,-530.5829,-653.16907
-156.6005,-530.47595,-653.21655
-156.59348,-530.422,-653.23
-156.54501,-530.415,-653.23346
-156.48248,-530.3555,-653.29193
-156.467,-530.34247,-653.29895
-156.4285,-530.359,-653.2974
-156.3115,-530.36694,-653.339
-156.227,-530.42554,-653.34454
-156.172,-530.486,-653.33203
-156.11601,-530.5981,-653.27454
-156.0545,-530.6735,-653.25
-155.9155,-530.6895,-653.2815
-155.8225,-530.714,-653.2695
-155.72551,-530.6915,-653.27997
-155.678,-530.67096,-653.265
-155.5815,-530.60596,-653.29047
-155.48001,-530.5415,-653.3045
-155.40349,-530.433,-653.3375
-155.321,-530.34503,-653.348
-155.2375,-530.2625,-653.343
-155.189,-530.17755,-653.32855
-155.0815,-530.0595,-653.361
-154.99202,-529.83203,-653.471
-154.91899,-529.7075,-653.4915
-154.87201,-529.642,-653.458
-154.84,-529.544,-653.45746
-154.7905,-529.42645,-653.48047
-154.76399,-529.3455,-653.47
-154.68,-529.285,-653.47046
-154.587,-529.175,-653.5165
-154.4495,-529.1015,-653.5465
-154.39499,-529.07654,-653.525
-154.32,-529.0705,-653.5105
-154.23401,-529.10254,-653.47754
-154.2085,-529.145,-653.42896
-154.17549,-529.2235,-653.36
-154.1055,-529.2195,-653.37103
-154.05249,-529.3499,-653.26807
-153.88802,-529.425,-653.246
-153.75648,-529.4745,-653.2335
-153.661,-529.4965,-653.22906
-153.567,-529.619,-653.13806
-153.43599,-529.736,-653.06445
-153.30899,-529.807,-653.01605
-153.15698,-529.859,-652.9916
-152.97949,-529.93506,-652.94556
-152.79549,-529.945,-652.94806
-152.571,-529.942,-652.96906
-152.33548,-529.986,-652.9476
-152.08049,-530.0255,-652.94055
-151.85202,-530.00696,-652.97205
-151.618,-530.0315,-652.96454
-151.3305,-530.0365,-652.9865
-151.0275,-530.02057,-653.02997
-150.6785,-529.98755,-653.0985
-150.35951,-530.02954,-653.09
-150.03452,-530.112,-653.0591
-149.67952,-530.1045,-653.115
-149.40701,-530.143,-653.109
-149.059,-530.21497,-653.09454
-148.66951,-530.29395,-653.0885
-148.29453,-530.2855,-653.1446
-147.90001,-530.351,-653.1385
-147.45201,-530.32654,-653.22253
-147.066,-530.354,-653.2404
-146.6355,-530.3685,-653.28046
-146.28099,-530.4165,-653.26746
-145.846,-530.46906,-653.27246
-145.44247,-530.452,-653.3165
-145.0575,-530.45404,-653.3305
-144.63649,-530.4645,-653.3465
-144.19699,-530.44604,-653.39197
-143.8335,-530.4695,-653.3735
-143.48601,-530.52747,-653.321
-143.08353,-530.6024,-653.2765
-142.62402,-530.5749,-653.332
-142.22452,-530.59296,-653.32745
-141.7745,-530.59644,-653.34753
-141.33551,-530.5845,-653.3785
-140.966,-530.547,-653.4155
-140.57,-530.555,-653.425
-140.18051,-530.5745,-653.4305
-139.83101,-530.57495,-653.437
-139.488,-530.6339,-653.4065
-139.0835,-530.6575,-653.42444
-138.6955,-530.6885,-653.42645
-138.2325,-530.73,-653.44104
-137.83348,-530.72845,-653.4625
-137.54799,-530.771,-653.42206
-137.157,-530.79895,-653.4161
-136.79448,-530.83844,-653.393
-136.37097,-530.84143,-653.41003
-135.90198,-530.8655,-653.408
-135.53848,-530.884,-653.39294
-135.11998,-530.8565,-653.42444
-134.7495,-530.89197,-653.3849
-134.293,-530.8505,-653.42395
-133.91948,-530.844,-653.407
-133.466,-530.8145,-653.42395
-133.0985,-530.79504,-653.4075
-132.694,-530.79254,-653.383
-132.224,-530.761,-653.3805
-131.7815,-530.6685,-653.424
-131.39151,-530.6455,-653.388
-130.99149,-530.62354,-653.36145
-130.53899,-530.56354,-653.38446
-130.15399,-530.5515,-653.35645
-129.71849,-530.565,-653.33545
-129.1875,-530.5755,-653.3394
-128.75351,-530.5889,-653.3294
-128.313,-530.602,-653.31995
-127.963486,-530.66956,-653.24744
-127.58749,-530.70557,-653.2299
-127.11049,-530.6945,-653.26794
-126.66699,-530.76404,-653.207
-126.236,-530.688,-653.25494
-125.839005,-530.70654,-653.21545
-125.38651,-530.709,-653.211
-125.00749,-530.64905,-653.21594
-124.52849,-530.6654,-653.18005
-124.06799,-530.64655,-653.16595
-123.6685,-530.64954,-653.134
-123.216995,-530.74054,-653.04944
-122.74748,-530.72144,-653.066
-122.27649,-530.6994,-653.08093
-121.84999,-530.74097,-653.026
-121.39349,-530.74097,-653.00946
-121.003494,-530.72595,-652.9895
-120.544495,-530.69495,-653.003
-120.1255,-530.6885,-652.97644
-119.7325,-530.676,-652.9505
-119.271996,-530.64154,-652.954
-118.839005,-530.57806,-652.9625
-118.445496,-530.54504,-652.9275
-118.04199,-530.47656,-652.94403
-117.63351,-530.508,-652.8995
-117.2665,-530.50903,-652.8725
-116.8585,-530.48553,-652.86005
-116.46651,-530.5285,-652.8191
-116.10152,-530.5395,-652.7956
-115.72001,-530.58057,-652.76105
-115.33651,-530.59753,-652.754
-115.002,-530.4805,-652.8335
-114.63601,-530.47595,-652.81903
-114.23702,-530.4735,-652.814
-113.91801,-530.483,-652.792
-113.54401,-530.432,-652.82544
-113.19501,-530.41547,-652.819
-112.8765,-530.45245,-652.76044
-112.52999,-530.5,-652.7084
-112.145004,-530.4825,-652.7115
-111.8105,-530.4455,-652.70355
-111.48501,-530.4815,-652.6339
-111.142006,-530.5295,-652.5715
-110.83351,-530.51154,-652.5585
-110.556496,-530.50146,-652.53503
-110.2665,-530.48645,-652.5365
-110.064514,-530.50946,-652.4915
-109.856995,-530.46545,-652.50354
-109.645004,-530.48047,-652.49005
-109.48399,-530.46747,-652.50195
-109.369,-530.49097,-652.4905
-109.26949,-530.65393,-652.39905
-109.20099,-530.781,-652.3549
-109.236,-530.922,-652.30646
-109.238,-531.06146,-652.31244
-109.28599,-531.27356,-652.2925
-109.34849,-531.5005,-652.2935
-109.45249,-531.72797,-652.31146
-109.561,-531.9955,-652.31506
-109.71698,-532.3755,-652.26953
-109.88149,-532.7685,-652.256
-110.0735,-533.11707,-652.2975
-110.3115,-533.46155,-652.352
-110.54401,-533.92554,-652.333
-110.78001,-534.4489,-652.2835
-110.9885,-534.963,-652.27905
-111.22799,-535.5495,-652.26154
-111.39049,-536.211,-652.23303
-111.631996,-536.838,-652.24207
-111.887,-537.495,-652.23956
-112.12251,-538.25,-652.17206
-112.33701,-538.981,-652.1506
-112.541016,-539.74,-652.1396
-112.727005,-540.50946,-652.1531
-112.95001,-541.287,-652.1505
-113.13151,-542.173,-652.0785
-113.36351,-543.02747,-652.041
-113.55052,-543.90497,-652.0155
-113.752014,-544.80896,-651.9955
-113.94601,-545.65393,-652.046
-114.14751,-546.542,-652.0705
-114.32051,-547.47144,-652.0835
-114.49751,-548.4614,-652.059
-114.732506,-549.36346,-652.0955
-114.8385,-550.2215,-652.1891
-115.032,-551.0709,-652.27155
-115.23549,-551.93445,-652.346
-115.52999,-552.792,-652.39954
-115.7615,-553.628,-652.46893
-116.006996,-554.44995,-652.539
-116.384995,-554.9795,-652.6359
-116.684006,-555.6774,-652.75995
-117.00951,-556.30597,-652.91
-117.349,-556.944,-653.0055
-117.65349,-557.578,-653.069
-118.01951,-558.05695,-653.2125
-118.2745,-558.4975,-653.36804
-118.65951,-558.8905,-653.4895
-119.04201,-559.17804,-653.65
-119.401,-559.48553,-653.7455
-119.808,-559.77057,-653.826
-120.2335,-559.979,-653.93396
-120.588,-560.1455,-654.059
-120.982506,-560.2705,-654.18445
-121.45,-560.41394,-654.259
-121.84701,-560.5765,-654.2945
-122.2275,-560.61694,-654.37854
-122.55699,-560.6825,-654.42096
-122.91099,-560.6815,-654.49097
-123.190475,-560.67346,-654.55
-123.355484,-560.8335,-654.6495
-123.60748,-560.76495,-654.709
-123.76449,-560.70496,-654.72253
-123.91701,-560.64197,-654.7145
-124.073,-560.4574,-654.798
-124.156006,-560.3445,-654.815
-124.23601,-560.259,-654.7914
-124.246506,-560.1115,-654.818
-124.23301,-559.9435,-654.847
-124.18901,-559.7665,-654.86194
-124.06301,-559.555,-654.901
-123.941,-559.32495,-654.94495
-123.7715,-559.0814,-654.98846
-123.611,-558.9125,-654.9644
-123.3575,-558.69745,-654.9789
-123.1345,-558.4895,-654.9814
-122.883995,-558.28796,-654.98944
-122.634995,-558.03455,-655.03503
-122.33049,-557.85504,-655.02
-122.066,-557.6815,-654.9985
-121.74601,-557.50006,-654.9916
-121.40901,-557.37756,-654.95056
-121.13149,-557.261,-654.9291
-120.82151,-557.1175,-654.94556
-120.46151,-557.0525,-654.9105
-120.15951,-556.951,-654.89954
-119.89551,-556.8335,-654.89856
-119.58551,-556.7635,-654.87256
-119.280014,-556.70154,-654.86005
-119.000015,-556.652,-654.83954
-118.745995,-556.588,-654.8375
-118.473495,-556.52704,-654.8285
-118.22699,-556.468,-654.807
-117.88999,-556.38257,-654.8004
-117.63599,-556.204,-654.833
-117.29651,-556.01404,-654.857
-116.951004,-555.8355,-654.8485
-116.60899,-555.6605,-654.8235
-116.25449,-555.4225,-654.8325
-115.8745,-555.14197,-654.8549
-115.45549,-554.7765,-654.87103
-115.01249,-554.40643,-654.865
-114.5475,-554.0215,-654.85095
-114.0615,-553.53796,-654.89294
-113.57949,-552.9915,-654.9464
-113.00651,-552.379,-654.95544
-112.39801,-551.70953,-654.9694
-111.778015,-551.0495,-654.93994
-111.07802,-550.3521,-654.9019
-110.36851,-549.577,-654.8809
-109.606,-548.775,-654.8359
-108.76451,-547.942,-654.77686
-107.89601,-547.05206,-654.71497
-107.0295,-546.1191,-654.6595
-106.12401,-545.2176,-654.5685
-105.244995,-544.3081,-654.4555
-104.315,-543.338,-654.37396
-103.37999,-542.33154,-654.29254
-102.426,-541.2755,-654.2225
-101.40449,-540.167,-654.144
-100.40599,-539.09296,-654.068
-99.40049,-537.95197,-654.021
-98.403984,-536.7945,-653.956
-97.39199,-535.649,-653.864
-96.3975,-534.54504,-653.713
-95.413506,-533.442,-653.6166
-94.403015,-532.3885,-653.499
-93.41051,-531.249,-653.46
-92.4885,-530.14294,-653.3925
-91.556,-529.06946,-653.319
-90.649,-528.0075,-653.2555
-89.82,-526.9476,-653.19946
-89.0545,-525.8971,-653.14905
-88.292,-524.8641,-653.10455
-87.561,-523.85504,-653.0515
-86.8685,-522.78107,-653.06506
-86.244995,-521.7165,-653.077
-85.67999,-520.735,-653.03503
-85.213,-519.6405,-653.0729
-84.8865,-518.6565,-653.07544
-84.63549,-517.708,-653.0839
-84.494,-516.81604,-653.0844
-84.38351,-515.929,-653.12994
-84.353004,-515.0835,-653.165
-84.357,-514.24695,-653.2415
-84.51799,-513.5495,-653.2495
-84.687,-512.88904,-653.28906
-84.91249,-512.302,-653.309
-85.172,-511.819,-653.29254
-85.515495,-511.36548,-653.299
-85.8585,-510.98895,-653.2925
-86.309,-510.71893,-653.261
-86.744,-510.51498,-653.259
-87.22099,-510.35898,-653.2765
-87.7495,-510.28345,-653.2835
-88.3105,-510.36197,-653.229
-88.855,-510.511,-653.18304
-89.395004,-510.70596,-653.16705
-89.87501,-511.19098,-653.03406
-90.36551,-511.61148,-652.99805
-90.8775,-512.171,-652.88306
-91.297005,-512.7794,-652.786
-91.739,-513.415,-652.71906
-92.163,-514.113,-652.6886
-92.5905,-514.9765,-652.62756
-92.985504,-515.8985,-652.59406
-93.442505,-516.8145,-652.5945
-93.89051,-517.819,-652.56445
-94.358505,-518.83246,-652.566
-94.76601,-519.8805,-652.57043
-95.24851,-520.90594,-652.6195
-95.6625,-522.03094,-652.64246
-96.14751,-523.213,-652.631
-96.575005,-524.42444,-652.627
-97.01851,-525.5709,-652.69794
-97.47651,-526.714,-652.78345
-97.94801,-527.858,-652.886
-98.36851,-528.974,-653.03455
-98.879,-530.05597,-653.2089
-99.3855,-531.24945,-653.2899
-99.8295,-532.41,-653.4074
-100.33801,-533.4675,-653.5909
-100.8755,-534.67957,-653.60345
-101.32901,-535.8825,-653.6049
-101.86051,-536.9811,-653.62854
-102.276505,-537.95105,-653.74243
-102.71651,-538.985,-653.771
-103.179504,-539.9605,-653.828
-103.63051,-540.93207,-653.8775
-104.05701,-541.89404,-653.936
-104.46251,-542.8335,-653.9925
-104.857506,-543.6625,-654.08795
-105.1745,-544.5194,-654.12445
-105.5225,-545.3979,-654.09143
-105.82149,-546.315,-653.996
-106.082985,-547.09546,-653.9891
-106.2595,-547.8745,-653.9471
-106.48799,-548.6335,-653.86304
-106.594986,-549.299,-653.821
-106.62099,-549.9801,-653.75055
-106.71999,-550.55804,-653.72705
-106.7215,-551.14905,-653.6825
-106.670494,-551.6451,-653.71204
-106.552505,-552.14404,-653.71356
-106.3605,-552.577,-653.744
-106.22499,-553.126,-653.63
-106.034996,-553.553,-653.6035
-105.80399,-553.953,-653.5645
-105.4985,-554.2865,-653.54803
-105.2,-554.6585,-653.449
-104.8735,-555.075,-653.2905
-104.55,-555.4575,-653.1655
-104.19199,-555.7785,-653.1221
-103.901505,-556.0775,-653.121
-103.587,-556.3945,-653.14
-103.28551,-556.80206,-653.099
-103.048996,-557.2521,-653.05145
-102.7465,-557.74255,-653.0145
-102.52999,-558.329,-652.91003
-102.340004,-558.85504,-652.8815
-102.094,-559.381,-652.8825
-101.90199,-559.98,-652.827
-101.74349,-560.65295,-652.7375
-101.780495,-561.41394,-652.6925
-101.79299,-562.258,-652.618
-101.85999,-563.0015,-652.6749
-101.90849,-563.9085,-652.6439
-101.959984,-564.789,-652.69293
-102.1085,-565.7685,-652.67645
-102.31749,-566.6865,-652.75397
-102.60349,-567.628,-652.85046
-102.94199,-568.5974,-652.911
-103.3385,-569.58844,-652.941
-103.703,-570.6389,-652.91797
-104.1235,-571.6214,-652.951
-104.5735,-572.6129,-652.98303
-105.120995,-573.7509,-652.89197
-105.789505,-574.82245,-652.85406
-106.403,-575.867,-652.81
-107.054,-576.9535,-652.67755
-107.68001,-578.07306,-652.485
-108.39551,-579.1846,-652.23047
-109.080505,-580.2366,-651.93604
-109.676,-581.1991,-651.532
-110.25,-582.1576,-651.03503
-110.82201,-583.06354,-650.4725
-111.41752,-583.9315,-649.827
-111.9515,-584.85,-649.01605
-112.468,-585.641,-648.171
-112.91699,-586.431,-647.23804
-113.240005,-587.13495,-646.27057
-113.60152,-587.80347,-645.21893
-113.89901,-588.448,-644.098
-114.144005,-588.9585,-642.9979
-114.37001,-589.51044,-641.72144
-114.53151,-589.949,-640.384
-114.5505,-590.2205,-639.07196
-114.4395,-590.49054,-637.6465
-114.3735,-590.6466,-636.234
-114.3235,-590.6781,-634.85394
-114.158005,-590.72656,-633.2285
-113.88151,-590.7821,-631.5605
-113.593506,-590.7155,-629.972
-113.30001,-590.6355,-628.3485
-112.921005,-590.4665,-626.77704
-112.613,-590.3385,-625.11804
-112.21501,-590.1335,-623.4911
-111.817,-589.83295,-621.89514
-111.423,-589.571,-620.2886
-111.013,-589.3705,-618.603
-110.62248,-589.159,-616.922
-110.124,-588.8225,-615.3765
-109.6105,-588.4825,-613.822
-109.203995,-588.18744,-612.1774
-108.718506,-587.86554,-610.54297
-108.15401,-587.5665,-608.9354
-107.66251,-587.257,-607.30945
-107.1155,-586.95447,-605.69543
-106.545006,-586.7525,-603.9855
-105.88501,-586.5275,-602.2999
-105.26752,-586.265,-600.7634
-104.69502,-586.0326,-599.18945
-104.02852,-585.78156,-597.662
-103.38202,-585.5351,-596.12646
-102.878006,-585.1546,-594.7095
-102.244,-584.8945,-593.183
-101.656006,-584.62805,-591.66144
-101.0515,-584.4005,-590.098
-100.45801,-584.07654,-588.62946
-99.776505,-583.6715,-587.2455
-99.178,-583.2645,-585.82654
-98.50149,-582.9845,-584.29254
-97.921,-582.576,-582.86505
-97.2285,-582.151,-581.46405
-96.514,-581.7455,-579.9535
-95.8895,-581.32996,-578.45
-95.174,-580.8779,-577.00146
-94.520004,-580.45447,-575.49695
-93.87401,-580.0055,-574.02954
-93.139,-579.62604,-572.51105
-92.455505,-579.2655,-570.96954
-91.7415,-578.7455,-569.60547
-91.10901,-578.32306,-568.1229
-90.3965,-577.9396,-566.6185
-89.633,-577.737,-564.95544
-88.824005,-577.4055,-563.446
-88.0105,-577.092,-561.89844
-87.23201,-576.817,-560.365
-86.4085,-576.505,-558.9035
-85.5755,-576.24304,-557.39246
-84.692,-576.03156,-555.862
-83.814,-575.86804,-554.299
-82.761,-575.703,-552.6426
-81.7055,-575.543,-551.017
-80.706,-575.4415,-549.46545
-79.631004,-575.382,-547.89954
-78.589005,-575.321,-546.34705
-77.59401,-575.2285,-544.84296
-76.51751,-575.183,-543.3025
-75.533516,-575.13806,-541.756
-74.4955,-575.088,-540.2975
-73.389,-575.1315,-538.7625
-72.30101,-575.2645,-537.1625
-71.23101,-575.38556,-535.61
-70.12651,-575.448,-534.139
-68.985,-575.59106,-532.5855
-67.82101,-575.70544,-531.1335
-66.69751,-575.84503,-529.6766
-65.527504,-576.12,-528.095
-64.458496,-576.34753,-526.58057
-63.364502,-576.593,-525.0705
-62.267998,-576.9366,-523.4525
-61.304497,-577.22656,-522.01904
-60.261497,-577.5785,-520.54755
-59.276,-577.89,-519.1221
-58.325005,-578.26306,-517.625
-57.342506,-578.6215,-516.171
-56.30251,-579.008,-514.69745
-55.314503,-579.352,-513.2635
-54.310997,-579.6779,-511.85498
-53.3255,-579.9634,-510.47894
-52.432495,-580.2514,-509.08896
-51.500496,-580.443,-507.7915
-50.5725,-580.67993,-506.4085
-49.670998,-580.874,-505.0765
-48.901497,-580.96405,-503.85205
-48.087494,-581.12604,-502.4725
-47.258,-581.322,-500.95493
-46.422997,-581.494,-499.44498
-45.5825,-581.59094,-497.92896
-44.7205,-581.68646,-496.37003
-43.922,-581.66846,-494.86954
-43.166,-581.6465,-493.37094
-42.4345,-581.6495,-491.812
-41.607002,-581.66797,-490.23798
-40.919,-581.49646,-488.85605
-40.194496,-581.453,-487.27704
-39.555496,-581.35803,-485.71002
-38.912,-581.1735,-484.2455
-38.264496,-581.063,-482.69296
-37.678,-581.01746,-481.04346
-37.051,-580.95,-479.42148
-36.465004,-580.8285,-477.85504
-35.911495,-580.58844,-476.40698
-35.375996,-580.48645,-474.72495
-34.854996,-580.42,-473.01447
-34.4105,-580.271,-471.4395
-33.9795,-579.98694,-470.0965
-33.608,-579.813,-468.60602
-33.264503,-579.7086,-467.10693
-33.037502,-579.45856,-465.7985
-32.830505,-579.29846,-464.37646
-32.559,-579.18896,-462.924
-32.328,-579.0404,-461.51
-32.166496,-578.79004,-460.21347
-31.905497,-578.73193,-458.695
-31.764496,-578.5605,-457.32104
-31.597,-578.375,-455.97052
-31.3815,-578.3246,-454.4665
-31.234997,-578.1671,-453.10352
-31.126001,-577.98206,-451.77304
-31.0965,-577.77356,-450.4795
-31.0095,-577.6775,-449.0585
-30.966,-577.6415,-447.57153
-30.954498,-577.492,-446.271
-30.885,-577.416,-444.88202
-30.861502,-577.325,-443.54102
-30.860998,-577.29254,-442.14102
-30.833002,-577.17804,-440.86798
-30.8625,-577.0825,-439.5765
-30.819498,-577.0955,-438.17
-30.8185,-577.025,-436.89902
-30.834,-577.0194,-435.55655
-30.883,-576.966,-434.2955
-30.948498,-577.03503,-432.88297
-31.031998,-577.0734,-431.52142
-31.067999,-577.10547,-430.19843
-31.105503,-577.1695,-428.87646
-31.268503,-577.237,-427.48697
-31.367504,-577.37805,-426.03247
-31.491001,-577.5559,-424.542
-31.522003,-577.711,-423.112
-31.660501,-577.852,-421.70645
-31.772497,-577.99054,-420.327
-31.801502,-578.21106,-418.8545
-31.7995,-578.3485,-417.5145
-31.782999,-578.4736,-416.2045
-31.721003,-578.6361,-414.85498
-31.673,-578.78406,-413.53302
-31.596497,-578.90753,-412.2505
-31.538498,-579.10046,-410.8685
-31.463999,-579.277,-409.51947
-31.336996,-579.39496,-408.27148
-31.224497,-579.534,-406.98495
-31.156498,-579.6485,-405.732
-31.056997,-579.76306,-404.49347
-30.977997,-579.9231,-403.18448
-30.839499,-580.12256,-401.81595
-30.609503,-580.2545,-400.62195
-30.372997,-580.362,-399.44794
-30.1265,-580.472,-398.27246
-29.843998,-580.63696,-397.02548
-29.547003,-580.7525,-395.83398
-29.2355,-580.818,-394.70853
-28.946,-580.869,-393.607
-28.715496,-580.918,-392.5035
-28.519001,-581.10754,-391.175
-28.3205,-581.2315,-389.9535
-28.092499,-581.327,-388.776
-27.829998,-581.54846,-387.40802
-27.5785,-581.725,-386.127
-27.2255,-581.91394,-384.83948
-26.899002,-582.1385,-383.505
-26.5625,-582.3555,-382.19345
-26.1495,-582.533,-380.9655
-25.7405,-582.7626,-379.64447
-25.313501,-582.92645,-378.44598
-24.891,-583.1105,-377.22546
-24.477499,-583.37,-375.86496
-24.095999,-583.552,-374.63898
-23.640999,-583.671,-373.5025
-23.215498,-583.928,-372.13547
-22.927,-584.223,-370.71298
-22.4285,-584.46155,-369.3455
-21.967,-584.7171,-367.96548
-21.463999,-585.04956,-366.46597
-20.941998,-585.34906,-365.01697
-20.547998,-585.70056,-363.472
-20.110998,-586.06055,-361.92096
-19.917,-586.6895,-359.72647
-19.579998,-586.86554,-358.378
-19.2845,-587.1595,-356.79898
-19.1,-587.46643,-355.19495
-18.975,-587.7635,-353.59998
-18.945501,-588.1239,-351.87848
-18.777998,-588.4804,-350.152
-18.969501,-588.7134,-348.6
-19.424,-588.87146,-347.15698
-19.966501,-589.0885,-345.59796
-20.5555,-589.5294,-343.6455
-21.221998,-589.82996,-341.98648
-22.069,-590.118,-340.2805
-22.7085,-590.27344,-338.8185
-23.4235,-590.27295,-337.67902
-24.416,-590.75793,-335.53754
-25.614498,-591.0479,-333.76053
-26.7635,-591.1454,-332.33002
-27.713497,-591.4154,-330.545
-28.5935,-591.6474,-328.75848
-29.0655,-591.52295,-327.74448
-29.809002,-591.8029,-325.93402
-30.765,-592.019,-324.18903
-31.6435,-592.089,-322.709
-32.378498,-592.06854,-321.37903
-33.089,-591.9806,-320.1
-33.920494,-591.9366,-318.524
-34.5425,-592.0766,-316.5795
-34.902,-592.0736,-314.8855
-35.204502,-591.8895,-313.291
-35.485,-591.41406,-311.93103
-35.907005,-591.0421,-310.26154
-35.848503,-590.62354,-308.6635
-36.034504,-590.3215,-306.7265
-36.409504,-590.1645,-304.4925
-36.688,-589.45105,-303.281
-36.666,-588.7655,-301.77997
-36.7625,-588.2924,-299.667
-36.829502,-587.62604,-297.91302
-37.114502,-586.9425,-296.22653
-37.61,-586.1895,-294.63205
-37.985,-585.4055,-293.08002
-38.113,-584.6095,-291.52353
-38.197998,-583.9696,-289.67154
-38.3225,-583.3866,-287.74506
-38.359497,-582.8026,-285.86603
-38.419994,-582.08105,-284.41803
-38.340996,-581.312,-283.11353
-38.327,-580.654,-281.60852
-38.2555,-580.149,-279.9385
-38.2155,-579.77893,-278.27
-38.044502,-579.2795,-276.95746
-38.264,-578.755,-275.65198
-38.0125,-578.1359,-274.649
-38.015,-577.7064,-273.18048
-37.586,-577.1805,-272.00702
-37.3615,-576.8245,-270.535
-37.236504,-576.33093,-269.471
-37.183502,-576.00903,-267.93753
-37.1175,-575.631,-266.5545
-36.972504,-575.2545,-265.148
-36.647003,-574.92804,-263.61954
-36.4275,-574.55304,-262.10654
-36.215,-574.0415,-260.873
-36.105,-573.51746,-259.57504
-35.9315,-573.079,-258.03354
-35.797997,-572.66254,-256.3955
-35.635994,-572.166,-254.9145
-35.392494,-571.66003,-253.41699
-35.2205,-571.036,-252.09451
-35.055,-570.39557,-250.76204
-34.781,-569.94305,-248.96353
-34.4255,-569.4281,-247.29851
-34.3875,-568.96454,-245.44551
-33.948997,-568.3735,-243.93701
-33.6835,-567.87494,-242.17252
-33.318,-567.2365,-240.78052
-32.7485,-566.697,-239.1665
-32.239006,-565.921,-238.1585
-31.675003,-565.36206,-236.6055
-31.149502,-564.77106,-235.21347
-30.647003,-564.20404,-233.80449
-30.175,-563.664,-232.42651
-29.675,-563.1695,-230.995
-29.160501,-562.73303,-229.5035
-28.718998,-562.242,-228.20198
-28.283499,-561.8145,-226.79997
-27.770004,-561.46246,-225.3155
-27.311,-561.15497,-223.8215
-26.845999,-560.902,-222.3375
-26.292002,-560.6365,-220.97754
-25.8,-560.44147,-219.50652
-25.269001,-560.374,-217.80403
-24.733501,-560.337,-216.13452
-24.2615,-560.28894,-214.61551
-23.7565,-560.14404,-213.53452
-23.3095,-560.277,-211.79453
-22.788502,-560.22107,-210.77103
-22.266003,-560.3205,-209.35501
-21.718998,-560.39453,-208.11601
-21.1795,-560.498,-206.8905
-20.6975,-560.67645,-205.50249
-20.071499,-560.9095,-204.04149
-19.447,-561.272,-202.33449
-18.824,-561.56195,-200.94398
-18.168999,-561.89795,-199.44798
-17.378498,-562.29596,-197.77249
-16.7465,-562.622,-196.39798
-16.110998,-562.9266,-195.129
-15.5385,-563.4415,-193.1845
-14.7875,-563.96606,-191.3345
-13.968,-564.3666,-189.91899
-13.256,-564.82104,-188.24948
-12.4515,-565.355,-186.41148
-11.5085,-565.88196,-184.729
-10.730499,-566.68146,-182.19002
-9.853999,-567.25745,-180.5125
-9.0715,-568.0604,-178.11453
-8.262499,-568.7979,-176.04703
-7.5924997,-569.5089,-174.13002
-6.816999,-570.4535,-171.46101
-6.099,-571.3005,-169.29652
-5.3825,-572.1786,-166.9685
-4.7135,-573.0145,-164.9375
-4.0175,-574.036,-162.2715
-3.3060002,-575.0225,-159.8965
-2.6640005,-575.86395,-158.17899
-1.8850002,-577.0185,-155.37848
-1.0145,-578.3055,-152.3345
-0.121500134,-579.3355,-150.448
0.7730001,-580.5665,-147.72299
1.6655,-581.79456,-145.43001
2.8404999,-583.10596,-143.05
3.9480004,-584.38605,-140.9035
4.9410005,-585.765,-138.45499
6.0835,-587.14954,-135.97348
7.2625,-588.729,-132.53497
8.4685,-590.2355,-129.76097
9.586,-591.9405,-126.3585
10.75,-593.8605,-121.47151
12.022,-595.544,-118.5045
13.046,-597.1884,-116.006004
13.916,-598.922,-112.756996
14.825,-600.7515,-109.436
15.702001,-602.603,-106.0745
16.537502,-604.5675,-102.537
17.476501,-606.5645,-99.32451
18.358501,-608.36346,-97.28551
19.292,-610.09045,-95.800514
20.404999,-611.93994,-93.706505
21.7055,-613.83344,-90.63901
22.823,-615.8985,-87.298004
23.8865,-617.80444,-84.593
24.8895,-619.7745,-80.7395
26.032001,-621.762,-76.99451
27.0525,-623.7875,-72.868996
29.548,-631.4615,-68.7555
31.490503,-633.508,-64.53999
33.627003,-635.317,-61.0945
35.960503,-636.88403,-59.249
38.084503,-638.5255,-56.142006
40.541504,-640.25653,-52.370007
43.150997,-641.7966,-49.76301
45.814503,-643.28955,-46.744003
48.642998,-644.6765,-44.284004
51.507,-645.9606,-42.049004
54.388,-647.2565,-39.329002
57.271503,-648.595,-36.116505
60.001995,-650.019,-32.446003
63.100494,-651.32996,-29.076498
65.7475,-652.4769,-27.281
68.621994,-653.53503,-25.175999
71.561,-654.514,-23.0525
74.79649,-655.3715,-22.0955
78.298,-656.1275,-21.0075
81.8475,-656.7435,-20.892
83.916,-651.549,-21.480999
80.824,-619.202,-20.647501
77.5925,-586.85803,-19.690502
74.2315,-554.51306,-18.6175
70.8555,-522.145,-17.489002
67.394,-489.7425,-16.3235
63.860497,-457.31552,-15.1970005
60.206,-424.85953,-14.306999
56.432,-392.3745,-13.306
52.580498,-359.8595,-12.1585
48.580498,-327.3175,-10.9335
